sample,CTRL,TDPKD
1,1,5.07760741
2,0.77959701,6.29771294
3,0.6652764,6.84696961
4,0.95854517,7.73857086
