replicate,Green,
N1,0.38966462,
N2,0.734701496,
N3,0.395139043,
