replicate,Green,Red
N1,2.352951786,5.389317247
N2,3.249457701,8.943165468
N3,2.328862216,7.385817516
